{
  "hash": "de0f76ff",
  "configHash": "6e808dd1",
  "lockfileHash": "b392d8bb",
  "browserHash": "506025a5",
  "optimized": {
    "@angular/common/http": {
      "src": "../../../../../../node_modules/@angular/common/fesm2022/http.mjs",
      "file": "@angular_common_http.js",
      "fileHash": "0788405c",
      "needsInterop": false
    },
    "@angular/core": {
      "src": "../../../../../../node_modules/@angular/core/fesm2022/core.mjs",
      "file": "@angular_core.js",
      "fileHash": "66d852cd",
      "needsInterop": false
    },
    "@angular/platform-browser": {
      "src": "../../../../../../node_modules/@angular/platform-browser/fesm2022/platform-browser.mjs",
      "file": "@angular_platform-browser.js",
      "fileHash": "3eee0cd8",
      "needsInterop": false
    },
    "@angular/router": {
      "src": "../../../../../../node_modules/@angular/router/fesm2022/router.mjs",
      "file": "@angular_router.js",
      "fileHash": "0a64d6d3",
      "needsInterop": false
    },
    "@angular/core/rxjs-interop": {
      "src": "../../../../../../node_modules/@angular/core/fesm2022/rxjs-interop.mjs",
      "file": "@angular_core_rxjs-interop.js",
      "fileHash": "d1f69520",
      "needsInterop": false
    },
    "@angular/common": {
      "src": "../../../../../../node_modules/@angular/common/fesm2022/common.mjs",
      "file": "@angular_common.js",
      "fileHash": "cff9eb81",
      "needsInterop": false
    }
  },
  "chunks": {
    "chunk-PXF7GFN6": {
      "file": "chunk-PXF7GFN6.js"
    },
    "chunk-VWQQCUE3": {
      "file": "chunk-VWQQCUE3.js"
    },
    "chunk-UXFO2K5T": {
      "file": "chunk-UXFO2K5T.js"
    },
    "chunk-2SFXU5ZZ": {
      "file": "chunk-2SFXU5ZZ.js"
    },
    "chunk-IRPICHZJ": {
      "file": "chunk-IRPICHZJ.js"
    }
  }
}