{
  "hash": "fe82b725",
  "configHash": "fae4c04e",
  "lockfileHash": "a0f8e390",
  "browserHash": "e25628fb",
  "optimized": {
    "@angular/common": {
      "src": "../../../../../../node_modules/@angular/common/fesm2022/common.mjs",
      "file": "@angular_common.js",
      "fileHash": "aafebf51",
      "needsInterop": false
    },
    "@angular/common/http": {
      "src": "../../../../../../node_modules/@angular/common/fesm2022/http.mjs",
      "file": "@angular_common_http.js",
      "fileHash": "8170f81b",
      "needsInterop": false
    },
    "@angular/core": {
      "src": "../../../../../../node_modules/@angular/core/fesm2022/core.mjs",
      "file": "@angular_core.js",
      "fileHash": "4fed8fad",
      "needsInterop": false
    },
    "@angular/core/rxjs-interop": {
      "src": "../../../../../../node_modules/@angular/core/fesm2022/rxjs-interop.mjs",
      "file": "@angular_core_rxjs-interop.js",
      "fileHash": "977aa3dd",
      "needsInterop": false
    },
    "@angular/forms": {
      "src": "../../../../../../node_modules/@angular/forms/fesm2022/forms.mjs",
      "file": "@angular_forms.js",
      "fileHash": "8ce55a2d",
      "needsInterop": false
    },
    "@angular/platform-browser": {
      "src": "../../../../../../node_modules/@angular/platform-browser/fesm2022/platform-browser.mjs",
      "file": "@angular_platform-browser.js",
      "fileHash": "4f3de845",
      "needsInterop": false
    },
    "@angular/router": {
      "src": "../../../../../../node_modules/@angular/router/fesm2022/router.mjs",
      "file": "@angular_router.js",
      "fileHash": "4ff0124d",
      "needsInterop": false
    },
    "rxjs/operators": {
      "src": "../../../../../../node_modules/rxjs/dist/esm5/operators/index.js",
      "file": "rxjs_operators.js",
      "fileHash": "edf743a2",
      "needsInterop": false
    }
  },
  "chunks": {
    "chunk-5SIMNC6M": {
      "file": "chunk-5SIMNC6M.js"
    },
    "chunk-HSLZ7XVX": {
      "file": "chunk-HSLZ7XVX.js"
    },
    "chunk-V4QZ247P": {
      "file": "chunk-V4QZ247P.js"
    },
    "chunk-QE7MDO2W": {
      "file": "chunk-QE7MDO2W.js"
    },
    "chunk-SHDOR3T7": {
      "file": "chunk-SHDOR3T7.js"
    },
    "chunk-KT57LYJX": {
      "file": "chunk-KT57LYJX.js"
    }
  }
}